hex9,value
89196b05907ffff,1
89196ba91cbffff,1
89196b365a7ffff,1
89196ba8c5bffff,1
89196ba881bffff,1
89196b06bcfffff,1
89196b16bcfffff,1
891fa492463ffff,1
89196b30473ffff,1
89196ba9027ffff,1
89196b32d6fffff,1
89196b330bbffff,1
89196b05b17ffff,1
89196b16b5bffff,1
89196bae3cfffff,1
89196ba8883ffff,1
89196b04d0fffff,1
89196b33293ffff,1
89196ba8933ffff,1
89196b375d3ffff,1
89196b14887ffff,1
891fa49229bffff,1
89196b32a33ffff,1
89196ba9c5bffff,1
89196b336bbffff,1
89196b33117ffff,1
89196b14863ffff,1
89196b300cfffff,1
89196bacda3ffff,1
89196b3656bffff,1
89196b05c53ffff,1
89196b06577ffff,1
89196baf217ffff,1
89196ba8d2bffff,1
89196b06963ffff,1
89196b05927ffff,1
89196b05903ffff,1
89196ba9087ffff,1
89196b334d3ffff,1
89196b32843ffff,1
891fa49221bffff,1
89196b32a17ffff,1
89196b36663ffff,1
89196b05a0bffff,1
89196bb9a13ffff,1
89196baac87ffff,1
89196ba9c03ffff,1
89196ba96c3ffff,1
89196b3b4dbffff,1
89196b32b93ffff,1
89196ba92d7ffff,1
89196b05b9bffff,1
89196b06b77ffff,1
89196b05d0bffff,1
89196b06527ffff,1
89196b375d7ffff,1
89196b30157ffff,1
89196b05e6bffff,1
89196b3342bffff,1
89196ba9633ffff,1
89196b32a9bffff,1
89196b1695bffff,1
89196b04e73ffff,1
89196baf643ffff,1
89196baaca3ffff,1
89196b36537ffff,1
89196ba8847ffff,1
89196b05b77ffff,1
89196b16b53ffff,1
89196ba967bffff,1
89196b04843ffff,1
89196b060d3ffff,1
891fa492447ffff,1
89196b14e2bffff,1
89196b04e6fffff,1
89196ba9c2fffff,1
89196b05823ffff,1
89196b336d3ffff,1
89196b04e83ffff,1
89196b04287ffff,1
89196b05e67ffff,1
89196ba9023ffff,1
89196ba4da3ffff,1
89196b300bbffff,1
89196ba812bffff,1
89196b05b13ffff,1
89196b061c3ffff,1
89196ba9d37ffff,1
89196ba898fffff,1
89196b3366fffff,1
89196ba444fffff,1
89196b05aa3ffff,1
89196badb2fffff,1
89196b04a5bffff,1
89196b04a73ffff,1
89196b0602fffff,1
89196ba835bffff,1
89196b3280bffff,1
89196b06b87ffff,1
89196b14877ffff,1
89196b14ac3ffff,1
89196b064dbffff,1
891fa4922c3ffff,1
89196b3a6a7ffff,1
89196b06403ffff,1
89196b3b4b7ffff,1
89196b059cbffff,1
89196b36057ffff,1
89196b3654fffff,1
89196b30117ffff,1
89196b32867ffff,1
89196b04a57ffff,1
89196b06463ffff,1
89196baf2bbffff,1
89196b14e2fffff,1
89196b0650bffff,1
89196b05d6bffff,1
89196b05877ffff,1
89196b148d3ffff,1
89196ba8adbffff,1
89196ba8dcbffff,1
89196b335cbffff,1
89196b14bc7ffff,1
89196b05e73ffff,1
89196b1497bffff,1
89196b336cbffff,1
89196b14ab7ffff,1
89196b15d27ffff,1
89196b1483bffff,1
89196b05123ffff,1
89196b06bb3ffff,1
89196ba8267ffff,1
89196b04c6fffff,1
89196b04ac3ffff,1
89196b0512bffff,1
89196b33543ffff,1
891fa49246fffff,1
89196ba9e97ffff,1
89196badb4fffff,1
89196b16b03ffff,1
89196b360d7ffff,1
89196b0644fffff,1
89196ba9c73ffff,1
89196ba8953ffff,1
89196ba8ebbffff,1
89196b374a7ffff,1
89196ba911bffff,1
89196bae153ffff,1
89196ba816fffff,1
89196b04ca3ffff,1
89196b14a7bffff,1
89196b3b49bffff,1
89196b04a0bffff,1
89196b06503ffff,1
89196ba9077ffff,1
89196ba9d23ffff,1
89196b336b7ffff,1
89196ba88b7ffff,1
89196b301d7ffff,1
89196b14e27ffff,1
89196b14bcbffff,1
89196b06943ffff,1
89196b06bcbffff,1
89196b36553ffff,1
89196ba8897ffff,1
89196ba916fffff,1
89196ba9c67ffff,1
89196b0e90fffff,1
89196b14813ffff,1
89196baa50bffff,1
89196b366c7ffff,1
89196b069c3ffff,1
89196baf203ffff,1
89196b3054bffff,1
89196badb6fffff,1
89196b15937ffff,1
89196b06193ffff,1
89196baa40fffff,1
89196badb83ffff,1
89196b06b9bffff,1
891fa493447ffff,1
89196b048d7ffff,1
89196b32833ffff,1
89196bb4a4bffff,1
891fa4922cbffff,1
89196ba89cbffff,1
89196b32947ffff,1
89196ba8353ffff,1
89196b0642bffff,1
89196b32943ffff,1
89196b04c13ffff,1
89196baa443ffff,1
89196b06b73ffff,1
89196b0e903ffff,1
89196baf2c3ffff,1
89196b05adbffff,1
89196b16a27ffff,1
89196b0695bffff,1
89196ba8ec3ffff,1
891fa4935cbffff,1
89196b06937ffff,1
891fa4924cfffff,1
89196b042bbffff,1
89196ba9c3bffff,1
89196b05b07ffff,1
89196b331abffff,1
89196b3b41bffff,1
89196b0691bffff,1
89196b1488fffff,1
89196b14b6bffff,1
89196b32877ffff,1
89196ba8133ffff,1
89196ba92c3ffff,1
89196b0512fffff,1
89196ba885bffff,1
89196b05933ffff,1
89196b32857ffff,1
89196ba9ccfffff,1
89196ba8833ffff,1
89196ba8807ffff,1
89196b05b4fffff,1
89196ba8d0bffff,1
89196b14857ffff,1
891fa49340bffff,1
89196ba8e83ffff,1
89196ba832bffff,1
89196b04083ffff,1
89196b33683ffff,1
89196b0619bffff,1
89196b040d3ffff,1
89196ba9337ffff,1
89196b0ed27ffff,1
89196b3299bffff,1
89196b0582bffff,1
89196b0e917ffff,1
89196b14ba3ffff,1
89196b06397ffff,1
89196b06563ffff,1
891fa4920cbffff,1
89196b05b83ffff,1
89196ba9177ffff,1
89196b16bc3ffff,1
89196ba813bffff,1
89196b3350fffff,1
89196ba822bffff,1
89196b05d33ffff,1
89196b30533ffff,1
89196ba89a3ffff,1
89196b040cbffff,1
89196b05e47ffff,1
89196b366a7ffff,1
89196b0e93bffff,1
89196baf20fffff,1
891fa4920c3ffff,1
89196b05a53ffff,1
89196ba8d4fffff,1
89196ba9113ffff,1
89196badb27ffff,1
89196b0480bffff,1
89196ba8c43ffff,1
89196b16987ffff,1
89196ba9d17ffff,1
89196b336b3ffff,1
89196b335cfffff,1
89196ba9d97ffff,1
89196b06467ffff,1
89196b0e92fffff,1
891fa492093ffff,1
89196ba9c63ffff,1
891fa493407ffff,1
89196b05dafffff,1
89196baf213ffff,1
89196ba9107ffff,1
89196ba9dbbffff,1
89196b04a83ffff,1
89196ba8e63ffff,1
89196b3a4cfffff,1
89196b05807ffff,1
89196b0603bffff,1
89196b065afffff,1
89196b0637bffff,1
89196b0595bffff,1
89196b32ac3ffff,1
89196ba9607ffff,1
89196ba1247ffff,1
89196b04acfffff,1
89196b331d7ffff,1
89196b04463ffff,1
89196b05b63ffff,1
89196b0e963ffff,1
89196ba90abffff,1
89196b05a0fffff,1
89196b32a3bffff,1
89196ba8263ffff,1
89196b0484bffff,1
89196ba8ad3ffff,1
89196ba91dbffff,1
891fa49350fffff,1
89196b04ac7ffff,1
89196b0428bffff,1
89196b3b597ffff,1
89196b30403ffff,1
89196baf277ffff,1
89196baa427ffff,1
891fa49241bffff,1
89196b36627ffff,1
89196b06c03ffff,1
89196b3a453ffff,1
89196b33177ffff,1
89196b0485bffff,1
89196ba96b7ffff,1
89196b3a643ffff,1
89196b04d4bffff,1
89196b3a4c7ffff,1
89196badb23ffff,1
89196b1484bffff,1
89196b06457ffff,1
89196b32863ffff,1
89196ba6e9bffff,1
89196ba468bffff,1
89196b059bbffff,1
89196b3346fffff,1
89196b04e0bffff,1
89196ba8c47ffff,1
89196b37483ffff,1
89196baf66fffff,1
89196b30197ffff,1
89196ba8d6bffff,1
89196b14b97ffff,1
89196ba8823ffff,1
89196b3284fffff,1
89196b331d3ffff,1
89196ba9d0bffff,1
89196ba884bffff,1
89196b0e967ffff,1
891fa493437ffff,1
89196b14e6bffff,1
89196b04c53ffff,1
89196ba8ed7ffff,1
89196ba8943ffff,1
89196b3019bffff,1
89196ba817bffff,1
89196b06b8fffff,1
89196ba815bffff,1
89196b331b7ffff,1
89196b30527ffff,1
89196ba89b7ffff,1
89196b36083ffff,1
89196ba8d4bffff,1
89196ba884fffff,1
89196ba910bffff,1
89196b06b8bffff,1
89196ba90b7ffff,1
89196b06b23ffff,1
89196b37593ffff,1
89196ba9da7ffff,1
89196b14e63ffff,1
89196ba826bffff,1
89196b14a2bffff,1
89196b06483ffff,1
89196ba91c7ffff,1
89196b14a1bffff,1
89196b14abbffff,1
891fa49262fffff,1
89196b05a73ffff,1
89196b36617ffff,1
891fa49204bffff,1
89196b14b27ffff,1
89196b330dbffff,1
89196b040cfffff,1
89196b06453ffff,1
89196ba9037ffff,1
89196b04cb7ffff,1
89196ba8d73ffff,1
89196b04a47ffff,1
89196ba9c6fffff,1
89196b30103ffff,1
89196b04c4fffff,1
89196b330d3ffff,1
891fa4922d7ffff,1
89196b14b4fffff,1
89196b05e8bffff,1
89196b36647ffff,1
89196b336d7ffff,1
89196ba1957ffff,1
891fa493553ffff,1
891fa493693ffff,1
89196ba9677ffff,1
89196b14867ffff,1
89196b3368fffff,1
89196b0653bffff,1
89196b05a93ffff,1
89196ba8e87ffff,1
89196ba89d3ffff,1
89196b301c3ffff,1
89196ba8e0bffff,1
89196b3a46bffff,1
89196b05813ffff,1
89196ba9317ffff,1
89196b04c77ffff,1
89196b14967ffff,1
89196ba9c93ffff,1
89196b04467ffff,1
89196b36643ffff,1
89196ba8ed3ffff,1
89196b3a647ffff,1
89196b14a87ffff,1
89196b36607ffff,1
89196ba8873ffff,1
89196b3652bffff,1
89196b04d57ffff,1
89196ba9ec3ffff,1
89196ba989bffff,1
891fa492097ffff,1
89196ba444bffff,1
89196b04cabffff,1
89196b36087ffff,1
89196ba8313ffff,1
89196b0654bffff,1
89196b065c7ffff,1
89196ba837bffff,1
89196b329dbffff,1
89196b04213ffff,1
89196ba9687ffff,1
89196ba8337ffff,1
89196b05ab7ffff,1
89196b14b4bffff,1
891fa492083ffff,1
89196ba906fffff,1
89196b36613ffff,1
89196ba8e33ffff,1
89196baf67bffff,1
89196b06b2bffff,1
89196ba905bffff,1
891fa493423ffff,1
89196b374c3ffff,1
89196b05ea7ffff,1
89196b069cfffff,1
89196b30017ffff,1
89196bacdbbffff,1
89196bb406bffff,1
89196b0696fffff,1
89196b3002fffff,1
89196baf207ffff,1
89196b06147ffff,1
89196ba9097ffff,1
891fa492443ffff,1
89196b04d9bffff,1
89196bb4313ffff,1
89196b0696bffff,1
89196b0658bffff,1
89196b0e973ffff,1
89196b16b8bffff,1
89196b14e77ffff,1
89196b33007ffff,1
89196b14b0bffff,1
89196b366b3ffff,1
89196bb4a0bffff,1
89196b36653ffff,1
89196b14a07ffff,1
89196b33153ffff,1
89196b0584bffff,1
89196b16877ffff,1
89196b3356fffff,1
89196b060bbffff,1
89196b328abffff,1
89196b04a8bffff,1
89196b32a37ffff,1
89196bb9a1bffff,1
89196baf2d3ffff,1
89196ba9623ffff,1
89196b3042bffff,1
89196b3608fffff,1
89196ba9033ffff,1
89196ba906bffff,1
89196ba9cbbffff,1
89196b3044fffff,1
89196b058cbffff,1
89196b04cc3ffff,1
89196b3352fffff,1
89196ba9cabffff,1
89196b330afffff,1
89196ba912fffff,1
89196b16bcbffff,1
89196b3b45bffff,1
89196b04e23ffff,1
89196b14a0fffff,1
89196b06b03ffff,1
89196b05a33ffff,1
89196ba910fffff,1
89196b32a73ffff,1
89196b04243ffff,1
89196b06ba7ffff,1
89196ba833bffff,1
89196ba1a33ffff,1
89196b16bc7ffff,1
89196b32853ffff,1
89196ba9897ffff,1
89196b0641bffff,1
89196b15d23ffff,1
89196b36503ffff,1
89196b360b7ffff,1
89196b36573ffff,1
89196b04d1bffff,1
89196b063d7ffff,1
89196ba9e9bffff,1
89196b32807ffff,1
891fa4936b3ffff,1
89196b36533ffff,1
89196b15dafffff,1
89196b04a4fffff,1
89196b15da7ffff,1
89196b044b3ffff,1
89196ba4687ffff,1
89196b3642fffff,1
89196ba8a17ffff,1
89196ba882bffff,1
89196b14aabffff,1
89196b32a07ffff,1
89196b0648bffff,1
89196b06a37ffff,1
89196b3652fffff,1
89196ba96d3ffff,1
89196b33653ffff,1
89196b05e9bffff,1
89196b04e8bffff,1
89196ba9193ffff,1
89196ba4593ffff,1
89196b159a7ffff,1
89196b33087ffff,1
89196b3350bffff,1
89196b04263ffff,1
89196b301cfffff,1
89196b05e6fffff,1
89196b3b693ffff,1
89196b14a3bffff,1
89196b169cfffff,1
89196b040d7ffff,1
89196b14c6fffff,1
89196b0e977ffff,1
89196b33473ffff,1
89196bb5927ffff,1
89196b14b57ffff,1
89196ba9ed3ffff,1
89196ba9cd7ffff,1
891fa4920cfffff,1
891fa493537ffff,1
89196b3661bffff,1
89196b06a2fffff,1
89196b051bbffff,1
89196b16b13ffff,1
89196b330a3ffff,1
89196ba9ca3ffff,1
89196ba8363ffff,1
89196b3748bffff,1
89196ba96d7ffff,1
89196b366d7ffff,1
89196bb42b7ffff,1
89196b3646bffff,1
89196ba96bbffff,1
89196b14bb3ffff,1
89196ba8323ffff,1
89196ba962fffff,1
89196ba9067ffff,1
89196b3052bffff,1
89196ba8227ffff,1
89196ba9a6bffff,1
89196baf2dbffff,1
891fa49247bffff,1
89196b300c7ffff,1
89196baf647ffff,1
89196b33133ffff,1
89196b1482fffff,1
89196baf04fffff,1
89196b365b3ffff,1
89196b06a27ffff,1
89196b04d53ffff,1
89196b14817ffff,1
89196b0692bffff,1
89196ba9c47ffff,1
89196b3001bffff,1
89196ba9063ffff,1
89196ba836fffff,1
89196b14b5bffff,1
89196ba88bbffff,1
89196ba8d1bffff,1
89196b33183ffff,1
89196ba88afffff,1
89196b30577ffff,1
89196b05ac7ffff,1
89196bb439bffff,1
89196b33467ffff,1
89196b065a7ffff,1
89196b329d3ffff,1
89196b33573ffff,1
89196b04eafffff,1
89196b329c3ffff,1
89196b32a97ffff,1
89196b06517ffff,1
89196b30697ffff,1
89196b32a1bffff,1
89196ba8dc7ffff,1
89196bb997bffff,1
89196b335c3ffff,1
89196b0643bffff,1
89196b04e87ffff,1
89196b064a3ffff,1
89196b3346bffff,1
89196b33647ffff,1
89196b3365bffff,1
89196b16a37ffff,1
89196ba9333ffff,1
89196b33633ffff,1
89196b04a6bffff,1
89196b04e4bffff,1
89196ba891bffff,1
89196ba8163ffff,1
89196ba914bffff,1
89196b3046fffff,1
89196baf243ffff,1
89196b05a8bffff,1
89196ba824fffff,1
89196b05b2bffff,1
89196b06437ffff,1
89196b3669bffff,1
89196ba8857ffff,1
89196ba92b7ffff,1
89196badb2bffff,1
89196b06b33ffff,1
89196b30457ffff,1
89196b06487ffff,1
89196b0446fffff,1
89196ba9dd7ffff,1
89196b06443ffff,1
89196badb67ffff,1
891fa49242fffff,1
89196b064cfffff,1
89196ba8d77ffff,1
89196ba9d3bffff,1
89196b05e57ffff,1
89196b058dbffff,1
89196ba29afffff,1
89196b1482bffff,1
89196b04d33ffff,1
89196ba1147ffff,1
89196ba9353ffff,1
89196b14a0bffff,1
89196ba965bffff,1
89196b3361bffff,1
89196b05a6bffff,1
89196b3000bffff,1
89196b30003ffff,1
89196b3045bffff,1
89196ba65cfffff,1
89196b060a3ffff,1
89196b05847ffff,1
89196b300d3ffff,1
89196b05e63ffff,1
89196ba91d7ffff,1
89196b3364bffff,1
89196b14a6bffff,1
89196ba9dc7ffff,1
89196bb9a43ffff,1
89196b14aa7ffff,1
89196ba9c07ffff,1
89196ba9603ffff,1
89196b05937ffff,1
89196b3046bffff,1
89196b05db7ffff,1
89196b1494bffff,1
89196ba74dbffff,1
89196b3226fffff,1
89196b33093ffff,1
89196ba8c4fffff,1
89196ba9d9bffff,1
89196b14a73ffff,1
89196b0e9bbffff,1
89196b05eafffff,1
89196b33577ffff,1
89196b0682fffff,1
89196bb43b3ffff,1
89196b3a473ffff,1
89196b06113ffff,1
89196b0462fffff,1
89196bae187ffff,1
89196b3662bffff,1
89196ba890bffff,1
89196baa553ffff,1
89196ba8e47ffff,1
89196b329c7ffff,1
89196b32953ffff,1
89196ba9d73ffff,1
89196b365afffff,1
89196b30037ffff,1
89196b04c87ffff,1
89196b15d37ffff,1
89196b365b7ffff,1
89196b04c43ffff,1
89196b3000fffff,1
89196b059afffff,1
89196b33033ffff,1
89196b0513bffff,1
89196b0592bffff,1
89196b3009bffff,1
89196b33143ffff,1
89196b33003ffff,1
89196b33547ffff,1
89196ba968bffff,1
89196b32a93ffff,1
89196b3056fffff,1
89196b05ba7ffff,1
89196b366afffff,1
89196ba8e4bffff,1
89196ba8e2fffff,1
89196b058d7ffff,1
891fa4920d7ffff,1
89196b14a97ffff,1
89196b3a683ffff,1
89196ba832fffff,1
89196b1485bffff,1
89196b3a4cbffff,1
89196b04d0bffff,1
89196ba9cdbffff,1
89196b3b4cfffff,1
89196b061cfffff,1
89196ba93abffff,1
89196b040c3ffff,1
89196b14873ffff,1
89196ba9627ffff,1
89196ba93d7ffff,1
89196b33407ffff,1
89196b3294bffff,1
89196b04217ffff,1
89196b36687ffff,1
89196b0682bffff,1
89196b16bd3ffff,1
89196b04853ffff,1
89196b14bdbffff,1
89196b04a4bffff,1
89196bb986bffff,1
89196b044a3ffff,1
89196baf273ffff,1
89196b0428fffff,1
89196b336cfffff,1
89196ba8c53ffff,1
89196ba8a93ffff,1
89196b0638bffff,1
891fa493577ffff,1
89196b05ad3ffff,1
89196b04477ffff,1
89196b06143ffff,1
89196b32957ffff,1
89196b05bc7ffff,1
89196b04a17ffff,1
89196b04a0fffff,1
89196b3660fffff,1
89196b066a7ffff,1
89196b05977ffff,1
89196b04a67ffff,1
891fa4922c7ffff,1
89196b30447ffff,1
89196bacdb3ffff,1
89196b05b4bffff,1
89196b0601bffff,1
89196ba8d97ffff,1
89196ba9383ffff,1
89196b06947ffff,1
89196b3348fffff,1
89196b334c3ffff,1
89196baa6cfffff,1
89196b06047ffff,1
89196b059abffff,1
89196ba8e43ffff,1
89196b32adbffff,1
89196ba8c57ffff,1
89196b30097ffff,1
89196b374d7ffff,1
89196b0489bffff,1
89196b06babffff,1
89196ba9117ffff,1
89196ba93a7ffff,1
89196b32b9bffff,1
89196b0586bffff,1
89196ba96cfffff,1
89196b04c37ffff,1
891fa4934dbffff,1
891fa49343bffff,1
89196baf24bffff,1
89196ba7217ffff,1
89196b33053ffff,1
89196b04d13ffff,1
89196b3341bffff,1
89196ba8d2fffff,1
89196ba88b3ffff,1
89196b0e933ffff,1
89196ba907bffff,1
89196b06433ffff,1
89196ba89cfffff,1
89196b05b47ffff,1
89196ba952fffff,1
89196ba11abffff,1
89196b32a8bffff,1
89196b04a8fffff,1
89196b3348bffff,1
89196ba8d5bffff,1
891fa49205bffff,1
89196b060cfffff,1
89196b374a3ffff,1
89196b059d7ffff,1
89196b04273ffff,1
89196b3340fffff,1
89196b0615bffff,1
89196b05bafffff,1
89196ba8ac3ffff,1
89196b14a17ffff,1
891fa493687ffff,1
89196ba8d0fffff,1
89196b05d67ffff,1
89196baa123ffff,1
891fa493427ffff,1
89196b336a3ffff,1
89196b069c7ffff,1
89196b301d3ffff,1
89196ba8893ffff,1
89196b0640fffff,1
89196b14ac7ffff,1
89196ba9c53ffff,1
891fa49246bffff,1
89196bb49c3ffff,1
891fa49350bffff,1
89196ba9c57ffff,1
89196ba836bffff,1
89196b06497ffff,1
89196b05b1bffff,1
89196ba890fffff,1
89196b14a83ffff,1
89196b05967ffff,1
89196b159bbffff,1
89196ba9043ffff,1
89196b05bdbffff,1
89196b3b4c7ffff,1
89196b33027ffff,1
89196ba9ea3ffff,1
89196badb87ffff,1
89196b0692fffff,1
89196baf663ffff,1
89196b14bafffff,1
89196b14b87ffff,1
89196ba89c3ffff,1
89196b14bd7ffff,1
89196ba8863ffff,1
89196ba969bffff,1
89196b04dd7ffff,1
89196ba9017ffff,1
89196b3b4b3ffff,1
89196b3662fffff,1
89196b14acbffff,1
89196b065c3ffff,1
89196b061d7ffff,1
89196b374d3ffff,1
89196baa34bffff,1
89196b05e93ffff,1
89196b04c03ffff,1
89196ba93dbffff,1
89196b33603ffff,1
89196b060b7ffff,1
89196b3609bffff,1
89196b0584fffff,1
89196ba8e3bffff,1
89196b04d4fffff,1
89196b06477ffff,1
89196b33553ffff,1
89196ba88a3ffff,1
89196b06057ffff,1
89196ba9c7bffff,1
891fa49357bffff,1
89196ba9e93ffff,1
89196b05b0bffff,1
89196b0600fffff,1
89196ba887bffff,1
89196b3b69bffff,1
89196ba8eb3ffff,1
89196b301bbffff,1
89196b3298bffff,1
89196ba8d27ffff,1
89196ba90a7ffff,1
89196ba92cbffff,1
89196b330cbffff,1
89196b332dbffff,1
89196ba918bffff,1
89196ba7237ffff,1
89196b05aabffff,1
89196b0404bffff,1
89196b05d13ffff,1
89196ba9013ffff,1
89196b0481bffff,1
89196ba8877ffff,1
89196ba8db3ffff,1
89196ba96abffff,1
89196b3281bffff,1
89196b14b17ffff,1
89196ba8383ffff,1
89196b15927ffff,1
89196ba90b3ffff,1
89196b069a3ffff,1
89196b33413ffff,1
89196b05babffff,1
89196b3a413ffff,1
89196b04c23ffff,1
89196baf2a7ffff,1
89196b0427bffff,1
89196b060b3ffff,1
89196b306b3ffff,1
89196b05abbffff,1
89196b36463ffff,1
89196ba9167ffff,1
891fa492043ffff,1
89196ba8e5bffff,1
89196ba9d8fffff,1
89196ba92d3ffff,1
89196ba8d17ffff,1
89196ba8913ffff,1
89196b36507ffff,1
89196ba8d8bffff,1
891fa492637ffff,1
89196b336a7ffff,1
89196b3329bffff,1
89196badb6bffff,1
89196ba91b3ffff,1
89196b33013ffff,1
89196b0646bffff,1
89196b32837ffff,1
89196b304d7ffff,1
89196b3318bffff,1
89196b05e0fffff,1
89196ba9463ffff,1
89196b14843ffff,1
89196b33567ffff,1
89196ba830bffff,1
89196b064afffff,1
89196baf2cfffff,1
89196ba9307ffff,1
89196b06973ffff,1
89196b16837ffff,1
89196ba9eb7ffff,1
89196b064c7ffff,1
89196bb9a57ffff,1
89196b04d37ffff,1
89196b064abffff,1
89196b0690bffff,1
89196b301c7ffff,1
89196ba89afffff,1
89196b06533ffff,1
89196b0580bffff,1
89196b14b67ffff,1
89196ba9edbffff,1
89196b32ad7ffff,1
89196ba96c7ffff,1
891fa493527ffff,1
89196b36053ffff,1
89196baf25bffff,1
89196b14b8fffff,1
89196b05d2bffff,1
89196b33023ffff,1
89196b3347bffff,1
89196b32ab3ffff,1
891fa49266fffff,1
89196b06923ffff,1
89196b063c7ffff,1
89196b04c47ffff,1
89196b3a49bffff,1
89196b33113ffff,1
89196b06903ffff,1
89196b169cbffff,1
89196b0659bffff,1
89196b3748fffff,1
89196b30443ffff,1
89196b3a45bffff,1
89196b366cfffff,1
89196b3366bffff,1
89196b32aa3ffff,1
89196ba916bffff,1
89196b05a67ffff,1
89196b305afffff,1
89196ba8c6fffff,1
891fa49242bffff,1
89196ba939bffff,1
89196b04ea3ffff,1
891fa493533ffff,1
89196b04da7ffff,1
891fa4934c3ffff,1
89196b360afffff,1
89196b04d07ffff,1
89196b360cfffff,1
89196b3303bffff,1
89196b329bbffff,1
89196b32b8fffff,1
89196bb4147ffff,1
89196b04dabffff,1
89196b05ab3ffff,1
89196bb59b3ffff,1
89196b3653bffff,1
89196ba9e27ffff,1
89196b33447ffff,1
89196ba8d9bffff,1
89196b05e0bffff,1
89196ba63afffff,1
89196b069afffff,1
89196ba8983ffff,1
89196ba9663ffff,1
89196b0443bffff,1
89196b14b0fffff,1
89196b32bdbffff,1
89196b3340bffff,1
89196ba8d63ffff,1
89196b3286bffff,1
89196b14adbffff,1
89196b06507ffff,1
89196b3a687ffff,1
89196ba93c3ffff,1
89196b04053ffff,1
891fa4926a3ffff,1
89196ba92a7ffff,1
89196ba9007ffff,1
89196b05b8bffff,1
89196ba8dd7ffff,1
89196b14a8bffff,1
89196b04cafffff,1
89196b3352bffff,1
89196b05e17ffff,1
89196b06b4fffff,1
89196ba8343ffff,1
89196b33477ffff,1
89196b06b5bffff,1
89196ba9e87ffff,1
89196b0599bffff,1
89196b36683ffff,1
89196b04c33ffff,1
89196baf2d7ffff,1
89196ba928fffff,1
89196baf233ffff,1
89196bacd87ffff,1
89196b05843ffff,1
89196ba9387ffff,1
89196ba963bffff,1
89196b0647bffff,1
89196b37583ffff,1
89196b36557ffff,1
89196b04dafffff,1
89196b36017ffff,1
89196b3312fffff,1
89196baf293ffff,1
89196ba9647ffff,1
89196ba8e97ffff,1
89196b1682fffff,1
89196ba9ca7ffff,1
89196b05d03ffff,1
89196b3302fffff,1
89196b05e83ffff,1
89196b04ec7ffff,1
89196b3a6b7ffff,1
89196b048dbffff,1
89196b0e907ffff,1
89196ba9183ffff,1
89196b064c3ffff,1
89196ba1bcbffff,1
89196b044afffff,1
891fa492477ffff,1
89196b06b27ffff,1
89196b33137ffff,1
89196b3369bffff,1
89196ba65dbffff,1
89196b05b87ffff,1
89196ba8907ffff,1
89196b061dbffff,1
89196b33463ffff,1
89196b3a40bffff,1
89196ba8e2bffff,1
89196ba8e6fffff,1
89196b374c7ffff,1
89196b16827ffff,1
89196b0655bffff,1
89196b060afffff,1
891fa492467ffff,1
891fa4934cfffff,1
89196b304cbffff,1
89196b05e77ffff,1
89196b301cbffff,1
89196ba8dbbffff,1
89196b14a03ffff,1
89196b04207ffff,1
89196b04cc7ffff,1
89196b301b7ffff,1
89196b14893ffff,1
89196b14aa3ffff,1
89196ba9303ffff,1
891fa492697ffff,1
89196b33157ffff,1
89196ba9a6fffff,1
89196b05b6fffff,1
89196b0e9a7ffff,1
89196b14a13ffff,1
89196b05a63ffff,1
89196ba919bffff,1
89196ba93afffff,1
89196b334cbffff,1
89196b06b13ffff,1
89196b058d3ffff,1
89196b1480bffff,1
89196b300dbffff,1
891fa49243bffff,1
89196b33663ffff,1
89196ba9127ffff,1
89196ba8d13ffff,1
89196b374b7ffff,1
891fa492213ffff,1
89196ba9c97ffff,1
89196b3b413ffff,1
89196ba8dc3ffff,1
89196b05dabffff,1
89196ba9567ffff,1
89196b33557ffff,1
89196b060c3ffff,1
891fa493477ffff,1
89196b04e0fffff,1
89196baf263ffff,1
89196b3052fffff,1
89196ba8ad7ffff,1
89196b05133ffff,1
89196ba8a87ffff,1
89196ba9dd3ffff,1
89196b0e9a3ffff,1
89196b32bcbffff,1
89196b05917ffff,1
89196b06023ffff,1
89196b04c83ffff,1
89196b33643ffff,1
89196bb4383ffff,1
89196b05da3ffff,1
89196b06017ffff,1
89196ba816bffff,1
89196b360a3ffff,1
89196b0598fffff,1
89196b04257ffff,1
89196b04a33ffff,1
89196bb410fffff,1
89196b300abffff,1
89196b0582fffff,1
89196b30477ffff,1
89196b05a83ffff,1
89196b04db3ffff,1
89196ba8e37ffff,1
89196b0597bffff,1
89196b33607ffff,1
89196b04dbbffff,1
89196b14a6fffff,1
89196baf053ffff,1
89196b304c7ffff,1
89196ba89b3ffff,1
89196bb9ab3ffff,1
89196b04d83ffff,1
89196baf23bffff,1
89196b04a2bffff,1
891fa49262bffff,1
89196b3664bffff,1
89196b30193ffff,1
89196ba8c0fffff,1
89196baa457ffff,1
89196ba645bffff,1
89196ba8edbffff,1
89196b0585bffff,1
89196b148bbffff,1
89196b36467ffff,1
89196ba8dcfffff,1
89196b360abffff,1
89196ba9617ffff,1
89196b3b48fffff,1
89196b05b03ffff,1
891fa4926afffff,1
89196b05d7bffff,1
89196b32aabffff,1
89196b0598bffff,1
89196b048c7ffff,1
89196b04e2fffff,1
89196b05b8fffff,1
89196b33097ffff,1
89196ba8c6bffff,1
89196b04c97ffff,1
89196b30463ffff,1
89196b05ea3ffff,1
89196b366cbffff,1
89196ba9c9bffff,1
89196ba4447ffff,1
89196b3008fffff,1
89196b0408bffff,1
89196b159b7ffff,1
89196b3b4cbffff,1
89196b0eda7ffff,1
89196b33457ffff,1
891fa492053ffff,1
89196b05a97ffff,1
89196ba8c23ffff,1
89196b15987ffff,1
89196ba5dc3ffff,1
89196b32ab7ffff,1
89196b32803ffff,1
89196b05e03ffff,1
89196ba8ecbffff,1
891fa4935abffff,1
89196b32827ffff,1
89196b3355bffff,1
89196b3002bffff,1
89196b04637ffff,1
89196b0609bffff,1
89196b14b2fffff,1
89196b04423ffff,1
89196ba9d1bffff,1
89196b05a23ffff,1
89196ba9143ffff,1
89196ba91b7ffff,1
89196b0658fffff,1
89196b05b37ffff,1
89196b32933ffff,1
89196b3343bffff,1
89196ba9467ffff,1
89196b045dbffff,1
89196baf247ffff,1
89196b066b7ffff,1
89196ba9053ffff,1
89196b32813ffff,1
89196b331dbffff,1
89196ba2957ffff,1
89196b04e67ffff,1
89196badb63ffff,1
89196baa557ffff,1
89196bb4bd3ffff,1
89196ba9c77ffff,1
89196bacd17ffff,1
89196b33483ffff,1
89196b3313bffff,1
89196b06313ffff,1
89196b148cbffff,1
89196baf62bffff,1
89196b04cbbffff,1
89196baf287ffff,1
89196b059a7ffff,1
89196b15997ffff,1
89196b06077ffff,1
89196b060c7ffff,1
89196ba9083ffff,1
89196b05e1bffff,1
89196ba1a0fffff,1
89196ba937bffff,1
89196ba74d7ffff,1
89196ba888fffff,1
89196ba8a83ffff,1
89196b05a7bffff,1
89196b05957ffff,1
89196b30093ffff,1
891fa49351bffff,1
89196b331a7ffff,1
89196baf20bffff,1
89196baf63bffff,1
89196b0645bffff,1
891fa492287ffff,1
891fa4922dbffff,1
89196b1487bffff,1
89196ba8db7ffff,1
89196ba908fffff,1
89196b04d8fffff,1
89196b05863ffff,1
89196b04093ffff,1
89196ba8993ffff,1
89196b3a4dbffff,1
89196ba88a7ffff,1
89196b05c5bffff,1
89196b06033ffff,1
89196baf2b7ffff,1
89196b05973ffff,1
89196b329cbffff,1
89196ba8e03ffff,1
89196bb9b9bffff,1
89196ba9c0fffff,1
89196b14a5bffff,1
89196b304dbffff,1
89196ba961bffff,1
89196b0442bffff,1
89196ba9003ffff,1
891fa49341bffff,1
89196b06407ffff,1
89196b0e92bffff,1
89196b0694fffff,1
891fa492667ffff,1
89196ba8e17ffff,1
89196b14e67ffff,1
89196b06063ffff,1
89196ba9397ffff,1
89196b32a87ffff,1
89196b14a77ffff,1
89196b06b2fffff,1
89196b06593ffff,1
89196ba900fffff,1
89196b0698bffff,1
89196b06b0bffff,1
89196b14b63ffff,1
89196b3295bffff,1
89196ba904bffff,1
89196baf2b3ffff,1
89196ba930bffff,1
89196b36567ffff,1
89196b06523ffff,1
89196ba91afffff,1
89196ba903bffff,1
89196b04c7bffff,1
89196ba89dbffff,1
89196ba8e1bffff,1
89196ba8837ffff,1
891fa492473ffff,1
89196b04ecfffff,1
89196b064cbffff,1
89196b3224fffff,1
89196b36563ffff,1
891fa492293ffff,1
891969698a7ffff,1
89196b0e927ffff,1
89196b06387ffff,1
89196b32bd7ffff,1
89196b0697bffff,1
89196bada2fffff,1
89196b06547ffff,1
89196ba9d43ffff,1
89196b3290fffff,1
89196b33193ffff,1
891fa492623ffff,1
89196ba909bffff,1
89196b33173ffff,1
89196b330abffff,1
89196b30187ffff,1
89196ba9667ffff,1
891fa493543ffff,1
891fa49344bffff,1
89196b3b453ffff,1
89196ba8d23ffff,1
89196b048cbffff,1
89196b0642fffff,1
89196b32b83ffff,1
89196b058afffff,1
89196b330a7ffff,1
89196b366c3ffff,1
89196baf667ffff,1
89196ba856fffff,1
89196b0405bffff,1
89196b04e57ffff,1
89196b04813ffff,1
89196ba9c27ffff,1
89196b05b97ffff,1
89196ba9e63ffff,1
891fa49254bffff,1
89196b04d03ffff,1
891fa49352bffff,1
89196b051abffff,1
89196bacd13ffff,1
89196b04ab3ffff,1
891fa4922cfffff,1
89196b05b43ffff,1
89196b06087ffff,1
891fa49352fffff,1
89196ba0223ffff,1
89196ba90a3ffff,1
89196b32bc7ffff,1
89196b14b43ffff,1
89196b3b403ffff,1
89196b374dbffff,1
89196ba9da3ffff,1
89196b04c9bffff,1
89196b301dbffff,1
891fa493467ffff,1
89196b3344bffff,1
89196b069d7ffff,1
89196b3318fffff,1
89196b360a7ffff,1
89196b04da3ffff,1
89196b3660bffff,1
89196b32a57ffff,1
89196bacdb7ffff,1
89196ba9283ffff,1
89196ba9ed7ffff,1
89196b05d23ffff,1
89196ba8aafffff,1
89196ba9287ffff,1
891fa4920d3ffff,1
89196b14e6fffff,1
89196b060a7ffff,1
89196b04e7bffff,1
89196ba9613ffff,1
891fa49208bffff,1
89196ba9c4bffff,1
89196baf297ffff,1
89196ba9d47ffff,1
89196b3a4c3ffff,1
89196ba9e83ffff,1
89196b148c3ffff,1
89196b04c2fffff,1
89196ba9653ffff,1
89196ba92bbffff,1
89196b366b7ffff,1
89196ba8d57ffff,1
89196b0e913ffff,1
89196ba8853ffff,1
89196b05b2fffff,1
891fa49201bffff,1
89196ba90cfffff,1
89196b05a17ffff,1
89196b33083ffff,1
89196b32873ffff,1
89196ba9163ffff,1
89196ba5d1bffff,1
89196ba8d43ffff,1
89196baa437ffff,1
89196b3291bffff,1
89196b0656bffff,1
89196ba9197ffff,1
89196b06573ffff,1
89196b16bdbffff,1
89196b330d7ffff,1
89196b05a57ffff,1
89196ba8c67ffff,1
89196ba9db3ffff,1
89196baf62fffff,1
89196b33637ffff,1
89196b06597ffff,1
89196ba9057ffff,1
89196b33617ffff,1
89196ba8e13ffff,1
89196b366abffff,1
89196ba8eafffff,1
89196ba929bffff,1
89196b375b3ffff,1
891fa4920b3ffff,1
89196b04283ffff,1
89196b06b3bffff,1
89196b04627ffff,1
89196ba946bffff,1
89196b3053bffff,1
89196ba8a8bffff,1
89196ba960bffff,1
89196b16983ffff,1
89196b04e77ffff,1
89196ba93b7ffff,1
89196ba834bffff,1
89196b3308bffff,1
89196b3311bffff,1
89196badb5bffff,1
89196b05acfffff,1
89196b05d77ffff,1
89196b0e9abffff,1
89196b0590bffff,1
89196ba91cfffff,1
89196b306a7ffff,1
89196b05e2bffff,1
89196b33103ffff,1
89196b06827ffff,1
89196b04c73ffff,1
89196b16b9bffff,1
89196b3015bffff,1
89196ba930fffff,1
89196b3310fffff,1
89196b3664fffff,1
89196b36577ffff,1
89196b05acbffff,1
89196b14ad7ffff,1
89196ba9cb7ffff,1
89196b06423ffff,1
89196badb33ffff,1
89196b0651bffff,1
89196b14a27ffff,1
89196b04dd3ffff,1
89196ba9103ffff,1
89196b04e1bffff,1
89196ba9d87ffff,1
89196ba89c7ffff,1
89196b0588bffff,1
89196b3608bffff,1
89196ba135bffff,1
89196b05bd7ffff,1
89196b3310bffff,1
89196b0608bffff,1
89196b06823ffff,1
89196b040c7ffff,1
89196ba9e8bffff,1
89196b05eb7ffff,1
89196b37413ffff,1
89196ba827bffff,1
891fa49355bffff,1
89196badb7bffff,1
89196b04c1bffff,1
89196b3a693ffff,1
89196b3342fffff,1
89196b06b1bffff,1
89196b16b0bffff,1
89196ba9697ffff,1
89196b3650fffff,1
89196b04abbffff,1
89196b1486bffff,1
89196b1494fffff,1
89196b331b3ffff,1
891fa492017ffff,1
89196b05d6fffff,1
89196b32bcfffff,1
891fa49345bffff,1
89196b06913ffff,1
89196badb4bffff,1
89196b301b3ffff,1
89196b04e6bffff,1
89196bb994bffff,1
89196ba9dabffff,1
89196b04d8bffff,1
89196ba83cbffff,1
89196b36657ffff,1
89196b06b07ffff,1
89196bb59a7ffff,1
89196b331c3ffff,1
89196ba8333ffff,1
891fa493573ffff,1
89196b3b59bffff,1
89196b0600bffff,1
89196bb9ac7ffff,1
89196b0650fffff,1
89196b1686bffff,1
89196b36097ffff,1
891fa49240bffff,1
89196b331bbffff,1
89196b3749bffff,1
89196b3a47bffff,1
89196b32a8fffff,1
89196ba88abffff,1
89196badb37ffff,1
89196b32bd3ffff,1
89196ba882fffff,1
89196ba8987ffff,1
89196b33123ffff,1
89196b33623ffff,1
89196ba889bffff,1
89196b3a48bffff,1
89196ba8327ffff,1
89196ba9293ffff,1
89196bb986fffff,1
89196ba9d33ffff,1
89196ba9db7ffff,1
89196b32ad3ffff,1
89196b04a53ffff,1
89196b36093ffff,1
89196ba9093ffff,1
891fa4920bbffff,1
89196b33443ffff,1
891fa49244fffff,1
89196b37497ffff,1
891fa49342bffff,1
89196baf623ffff,1
89196b33657ffff,1
89196b3312bffff,1
89196ba947bffff,1
89196ba8bd3ffff,1
89196b044a7ffff,1
89196b05a5bffff,1
89196bb414bffff,1
89196b0608fffff,1
89196b04c93ffff,1
89196b30467ffff,1
89196b3294fffff,1
89196b1698fffff,1
89196ba93b3ffff,1
89196b3b417ffff,1
89196ba9c23ffff,1
89196b14a4fffff,1
89196b328cfffff,1
89196baf2abffff,1
89196b05a03ffff,1
89196badb47ffff,1
89196b04e3bffff,1
89196b0442fffff,1
89196ba8957ffff,1
89196b360cbffff,1
89196b04e2bffff,1
89196b04dc7ffff,1
89196b30413ffff,1
89196b0e96fffff,1
89196b331c7ffff,1
89196b05d3bffff,1
89196b3301bffff,1
89196ba8d47ffff,1
89196ba966bffff,1
89196b0edafffff,1
89196b32a03ffff,1
89196b05ba3ffff,1
89196ba91bbffff,1
89196b05b6bffff,1
89196ba9d83ffff,1
89196b04c2bffff,1
89196b331a3ffff,1
89196b04c8bffff,1
891fa493463ffff,1
89196baf043ffff,1
89196b16b43ffff,1
89196b04e37ffff,1
89196ba9cafffff,1
89196baf29bffff,1
89196ba964bffff,1
89196b3665bffff,1
89196b0e937ffff,1
89196b374bbffff,1
89196b3b487ffff,1
89196b330c7ffff,1
89196ba9cb3ffff,1
89196baaec7ffff,1
891fa4926a7ffff,1
89196b04c0bffff,1
89196ba8a8fffff,1
891fa49354bffff,1
89196b0690fffff,1
89196ba9c1bffff,1
89196b0592fffff,1
89196b06a6fffff,1
89196b04c57ffff,1
89196b04a07ffff,1
89196b14b23ffff,1
89196b04e4fffff,1
89196b1682bffff,1
89196ba46cfffff,1
89196b05ac3ffff,1
89196ba8b93ffff,1
89196b0694bffff,1
89196b05d87ffff,1
89196b32a0bffff,1
89196b04847ffff,1
89196ba93bbffff,1
89196b3a607ffff,1
89196b04c07ffff,1
89196b051a7ffff,1
89196b3226bffff,1
89196b06b0fffff,1
89196ba8d87ffff,1
89196b14a53ffff,1
89196ba8a07ffff,1
89196ba8e07ffff,1
89196ba8aa3ffff,1
89196bb406fffff,1
89196b06007ffff,1
891fa4920dbffff,1
89196b3601bffff,1
891fa49353bffff,1
89196ba8acfffff,1
891fa492687ffff,1
89196b360bbffff,1
89196b33673ffff,1
89196b04a7bffff,1
89196ba9e8fffff,1
89196b04887ffff,1
89196b30023ffff,1
89196b04a77ffff,1
89196b33037ffff,1
89196b05a4fffff,1
89196ba9153ffff,1
89196b06067ffff,1
89196ba440bffff,1
89196ba8923ffff,1
89196b05d27ffff,1
89196ba0263ffff,1
89196b06197ffff,1
89196b14bc3ffff,1
89196b04eabffff,1
89196b16863ffff,1
89196b06967ffff,1
89196badb3bffff,1
89196baa53bffff,1
89196b0440fffff,1
89196b16953ffff,1
89196ba9147ffff,1
89196b05a9bffff,1
89196b32abbffff,1
89196ba9d07ffff,1
89196b06b83ffff,1
89196b0698fffff,1
89196b37417ffff,1
89196ba8803ffff,1
89196b366bbffff,1
89196b30523ffff,1
89196b0edb7ffff,1
89196b06bc7ffff,1
89196ba8e8bffff,1
89196b32b8bffff,1
89196b04c17ffff,1
89196ba9133ffff,1
89196baf05bffff,1
89196b3363bffff,1
89196b05923ffff,1
89196b04ea7ffff,1
89196b14b93ffff,1
89196b32e2fffff,1
89196b14b47ffff,1
89196ba912bffff,1
891fa493093ffff,1
89196b3663bffff,1
89196b064b7ffff,1
89196ba8307ffff,1
89196b30007ffff,1
89196b0657bffff,1
89196b3759bffff,1
89196ba9d13ffff,1
89196b04e07ffff,1
89196b300b3ffff,1
891fa492087ffff,1
89196bb486fffff,1
89196ba90bbffff,1
891fa49340fffff,1
89196b05b5bffff,1
89196b058abffff,1
89196b3040bffff,1
89196b04a03ffff,1
89196b33107ffff,1
89196ba968fffff,1
891fa49347bffff,1
89196ba9173ffff,1
89196bb9a8fffff,1
89196ba824bffff,1
89196b3a44bffff,1
89196ba9d03ffff,1
89196b0424fffff,1
89196b14bb7ffff,1
89196b3b483ffff,1
89196b06b47ffff,1
89196baa697ffff,1
89196ba8d8fffff,1
89196b0420fffff,1
89196b05873ffff,1
89196b0611bffff,1
89196ba9ccbffff,1
89196b366d3ffff,1
89196b065b3ffff,1
89196b0648fffff,1
89196baf2afffff,1
89196b3040fffff,1
89196b0e9afffff,1
89196b05ad7ffff,1
89196b04d47ffff,1
89196b0409bffff,1
89196b3308fffff,1
891fa49344fffff,1
89196ba8d53ffff,1
89196bb414fffff,1
89196b04c5bffff,1
89196b3a4d7ffff,1
89196b05a2bffff,1
89196b05983ffff,1
89196b06cb7ffff,1
89196ba812fffff,1
891fa493443ffff,1
89196ba8ab3ffff,1
89196b05837ffff,1
89196b33693ffff,1
89196b336c7ffff,1
89196ba9d93ffff,1
89196b042c7ffff,1
89196ba917bffff,1
89196ba8817ffff,1
89196b1489bffff,1
89196b0446bffff,1
89196b3224bffff,1
89196b300afffff,1
89196b3298fffff,1
89196ba886fffff,1
89196b0636bffff,1
89196b04a87ffff,1
89196ba9cd3ffff,1
89196b14a43ffff,1
891fa492453ffff,1
89196b0580fffff,1
891fa49244bffff,1
89196ba9c33ffff,1
89196b06b63ffff,1
89196ba9137ffff,1
89196ba91abffff,1
89196b14b53ffff,1
89196baf253ffff,1
89196b336dbffff,1
89196b06a77ffff,1
89196ba8813ffff,1
89196ba826fffff,1
89196b33453ffff,1
89196b05997ffff,1
89196b331afffff,1
89196b06583ffff,1
89196ba956fffff,1
891fa493453ffff,1
89196b37587ffff,1
89196b04897ffff,1
89196b3b4d7ffff,1
89196ba880bffff,1
89196b06b57ffff,1
89196b060d7ffff,1
89196b064d7ffff,1
89196b14b6fffff,1
89196b3650bffff,1
89196b3a41bffff,1
89196b04e63ffff,1
89196b0e96bffff,1
89196b05e87ffff,1
89196b16bd7ffff,1
89196b0e923ffff,1
89196ba883bffff,1
89196b32a4fffff,1
89196b05d63ffff,1
89196b3290bffff,1
89196ba938bffff,1
89196b04cb3ffff,1
89196ba8eb7ffff,1
89196b3357bffff,1
89196b360dbffff,1
89196b32acfffff,1
89196ba8973ffff,1
89196b3b593ffff,1
89196ba9c6bffff,1
89196b32acbffff,1
89196b3b4abffff,1
89196b0639bffff,1
89196b059a3ffff,1
89196b329abffff,1
89196b14b8bffff,1
89196b0594fffff,1
89196b04ca7ffff,1
89196b065cbffff,1
89196b06587ffff,1
89196ba966fffff,1
89196b05e3bffff,1
89196ba895bffff,1
89196b3354bffff,1
89196b06957ffff,1
89196b0693bffff,1
89196b32aa7ffff,1
89196b32a13ffff,1
89196ba913bffff,1
89196ba904fffff,1
89196b3651bffff,1
89196b3344fffff,1
891fa49342fffff,1
89196b3305bffff,1
89196ba814bffff,1
89196b06b43ffff,1
89196ba65cbffff,1
89196bad01bffff,1
89196b0488bffff,1
89196ba96a3ffff,1
89196ba8947ffff,1
89196ba1983ffff,1
89196b04d97ffff,1
89196ba91a7ffff,1
89196ba8277ffff,1
89196b06b93ffff,1
89196ba90d7ffff,1
89196b065dbffff,1
89196b36547ffff,1
89196b05d37ffff,1
89196ba88d3ffff,1
89196b06013ffff,1
89196ba8d83ffff,1
89196ba8ab7ffff,1
89196b14bcfffff,1
89196ba952bffff,1
89196b04ad7ffff,1
89196b332d7ffff,1
89196ba89d7ffff,1
89196ba8c4bffff,1
89196ba886bffff,1
89196b3a64bffff,1
89196b32847ffff,1
89196b04aabffff,1
89196b3282fffff,1
89196b14a9bffff,1
89196b30087ffff,1
89196baf04bffff,1
89196ba8d7bffff,1
89196ba914fffff,1
89196b0606fffff,1
89196ba9c13ffff,1
89196b04e27ffff,1
89196b06027ffff,1
89196b051a3ffff,1
89196b06093ffff,1
89196b04203ffff,1
89196b3349bffff,1
89196ba8c63ffff,1
891fa492283ffff,1
89196b044abffff,1
89196b3018bffff,1
89196badb0bffff,1
89196b334dbffff,1
89196ba9c43ffff,1
89196b0590fffff,1
89196b04a93ffff,1
89196ba8123ffff,1
89196ba908bffff,1
89196ba91d3ffff,1
891fa492457ffff,1
89196b365a3ffff,1
89196ba8dafffff,1
89196b306b7ffff,1
89196ba8827ffff,1
89196b065bbffff,1
89196b14aafffff,1
89196ba4697ffff,1
89196baf257ffff,1
89196bb996bffff,1
89196ba18cfffff,1
89196ba8e0fffff,1
89196b06183ffff,1
89196b3360bffff,1
891fa493557ffff,1
89196ba125bffff,1
89196b32a47ffff,1
89196b32a53ffff,1
89196ba830fffff,1
89196b06b6bffff,1
89196ba8843ffff,1
89196b04437ffff,1
89196ba900bffff,1
891fa493547ffff,1
89196b3041bffff,1
89196b04d5bffff,1
89196b3047bffff,1
89196b05d2fffff,1
89196b061d3ffff,1
89196ba93a3ffff,1
89196b14a47ffff,1
89196b05da7ffff,1
89196b05953ffff,1
89196b0618bffff,1
89196b051afffff,1
89196b30027ffff,1
89196b15d2fffff,1
89196b04c0fffff,1
89196b0638fffff,1
89196b3a69bffff,1
89196ba8377ffff,1
89196b3054fffff,1
89196b05b53ffff,1
891fa4924cbffff,1
89196b3b4d3ffff,1
89196b0596fffff,1
89196b0630bffff,1
89196ba901bffff,1
89196b14acfffff,1
89196ba9dcfffff,1
89196b32013ffff,1
89196b3056bffff,1
89196ba8373ffff,1
89196b05cdbffff,1
89196ba9313ffff,1
89196ba8e93ffff,1
891fa4920c7ffff,1
89196ba8127ffff,1
89196ba8367ffff,1
89196baa693ffff,1
89196b0ed37ffff,1
89196badb07ffff,1
89196ba894bffff,1
89196ba461bffff,1
891fa4922d3ffff,1
89196b14b2bffff,1
89196ba90c7ffff,1
89196ba8d03ffff,1
89196ba8ec7ffff,1
89196b328a7ffff,1
89196b3048bffff,1
89196ba8e67ffff,1
89196b05853ffff,1
89196b36523ffff,1
89196b14b73ffff,1
89196b14847ffff,1
89196b37493ffff,1
89196b048d3ffff,1
89196b3a6d7ffff,1
89196b06393ffff,1
89196ba83cfffff,1
89196b14a23ffff,1
89196ba90dbffff,1
89196b0e9b3ffff,1
89196ba8887ffff,1
89196b3667bffff,1
89196b304d3ffff,1
89196b16997ffff,1
89196ba944fffff,1
89196b06927ffff,1
89196b05dbbffff,1
89196b05b0fffff,1
89196ba88cbffff,1
89196b04e17ffff,1
89196b06a23ffff,1
89196b04a13ffff,1
89196b05a8fffff,1
89196b14c97ffff,1
89196b148c7ffff,1
89196b05e23ffff,1
89196b04857ffff,1
89196b33627ffff,1
89196b06c63ffff,1
89196bb994fffff,1
89196b04adbffff,1
89196b05bb7ffff,1
89196ba8ea3ffff,1
89196b04433ffff,1
89196b06b17ffff,1
89196b05e8fffff,1
89196b05b93ffff,1
89196b14883ffff,1
891fa49354fffff,1
89196b33667ffff,1
89196ba9643ffff,1
89196ba4613ffff,1
89196b330c3ffff,1
89196b04e47ffff,1
89196b366dbffff,1
89196b05bb3ffff,1
89196b3b4bbffff,1
89196baf27bffff,1
89196b159a3ffff,1
89196baa40bffff,1
89196b14b37ffff,1
89196b05a43ffff,1
89196ba6083ffff,1
89196b06097ffff,1
89196ba8d33ffff,1
89196b32a77ffff,1
89196b30183ffff,1
89196b0424bffff,1
89196baf2c7ffff,1
89196ba888bffff,1
89196b33197ffff,1
89196b0646fffff,1
89196bacda7ffff,1
89196b04dc3ffff,1
89196ba944bffff,1
89196b05a37ffff,1
89196b328afffff,1
89196b059d3ffff,1
89196b0649bffff,1
89196baf28bffff,1
891fa49228bffff,1
89196ba4683ffff,1
89196ba8867ffff,1
89196b06933ffff,1
89196b36007ffff,1
89196b0e983ffff,1
89196ba89abffff,1
89196b0593bffff,1
89196b3008bffff,1
89196ba90cbffff,1
891fa493517ffff,1
89196b14b83ffff,1
89196b14a4bffff,1
89196b06153ffff,1
89196b16a2fffff,1
89196b05e33ffff,1
89196ba915bffff,1
89196ba8e9bffff,1
89196ba8d67ffff,1
89196b3003bffff,1
89196b05db3ffff,1
89196b3285bffff,1
89196ba902bffff,1
89196ba1a2bffff,1
89196b0426bffff,1
89196b04ccbffff,1
89196b336c3ffff,1
89196ba8b9bffff,1
891fa492013ffff,1
89196ba834fffff,1
89196b3367bffff,1
89196b3b493ffff,1
89196baf283ffff,1
89196b1481bffff,1
89196b300b7ffff,1
89196b32a0fffff,1
89196b06567ffff,1
89196b3b497ffff,1
89196b3287bffff,1
89196b06b6fffff,1
89196b04893ffff,1
89196ba9673ffff,1
89196b04ad3ffff,1
89196ba8ac7ffff,1
89196ba9ec7ffff,1
89196b3351bffff,1
89196ba8303ffff,1
89196b04c3bffff,1
89196b065abffff,1
89196b040dbffff,1
89196b06833ffff,1
89196ba9157ffff,1
89196b06513ffff,1
89196ba880fffff,1
89196ba4ddbffff,1
89196b0654fffff,1
89196b04ddbffff,1
89196b05b67ffff,1
89196b05947ffff,1
89196b304cfffff,1
89196baf66bffff,1
89196b360c7ffff,1
89196ba931bffff,1
89196ba46c7ffff,1
89196ba8e4fffff,1
89196b14babffff,1
89196b06003ffff,1
89196b36623ffff,1
891fa493473ffff,1
89196b331cbffff,1
89196b3283bffff,1
89196ba9c2bffff,1
89196b14a63ffff,1
89196b065a3ffff,1
89196b06977ffff,1
89196ba9c0bffff,1
89196b3354fffff,1
89196ba8c73ffff,1
89196b06a67ffff,1
89196b14e23ffff,1
89196b06b53ffff,1
89196b14ba7ffff,1
89196bb9acfffff,1
89196b16823ffff,1
89196b32b87ffff,1
89196b058c7ffff,1
89196b05a07ffff,1
89196b04427ffff,1
891fa493433ffff,1
89196b05d07ffff,1
89196b06917ffff,1
891969698afffff,1
89196b1484fffff,1
89196ba9c37ffff,1
89196b06bb7ffff,1
89196b33423ffff,1
89196ba8d07ffff,1
89196b05ebbffff,1
89196b14897ffff,1
89196ba6e5bffff,1
89196ba96afffff,1
89196b06083ffff,1
89196ba9ddbffff,1
89196b05857ffff,1
89196b33403ffff,1
89196b06553ffff,1
89196ba5987ffff,1
89196baa423ffff,1
89196b05167ffff,1
89196b14ab3ffff,1
89196ba9187ffff,1
89196ba8c2bffff,1
89196b061cbffff,1
89196bb9a53ffff,1
89196b36673ffff,1
891fa49228fffff,1
89196ba936fffff,1
89196b04c67ffff,1
89196b3044bffff,1
89196ba8e77ffff,1
89196b3364fffff,1
89196ba9c4fffff,1
89196b06bc3ffff,1
891fa49369bffff,1
89196b06427ffff,1
89196b051b7ffff,1
89196ba748fffff,1
89196b05b33ffff,1
89196b3654bffff,1
89196b064bbffff,1
89196b06543ffff,1
89196b05aafffff,1
89196ba8da3ffff,1
89196b32bc3ffff,1
89196b06037ffff,1
89196ba88d7ffff,1
89196baa683ffff,1
89196ba64abffff,1
89196ba8c2fffff,1
89196bb4867ffff,1
89196bb4387ffff,1
89196badb53ffff,1
89196b0586fffff,1
891fa492253ffff,1
89196b06a8bffff,1
89196b3362bffff,1
89196b06473ffff,1
89196b06b4bffff,1
89196b304c3ffff,1
89196ba91a3ffff,1
89196b06867ffff,1
89196b044b7ffff,1
89196b0652fffff,1
89196b30537ffff,1
89196b3b48bffff,1
89196b05bcfffff,1
89196b3282bffff,1
89196b069a7ffff,1
89196ba8a1bffff,1
89196b32a83ffff,1
89196b14b07ffff,1
89196b14b9bffff,1
89196b06417ffff,1
891fa4935cfffff,1
89196b05e2fffff,1
89196b14a8fffff,1
89196ba8e7bffff,1
89196baa44bffff,1
89196ba83a3ffff,1
89196b33677ffff,1
89196b0583bffff,1
89196b3309bffff,1
89196ba91c3ffff,1
89196ba8da7ffff,1
89196ba894fffff,1
89196b36527ffff,1
89196ba8a03ffff,1
89196ba8c77ffff,1
89196b06493ffff,1
89196b360b3ffff,1
89196b36677ffff,1
89196b374b3ffff,1
89196ba8177ffff,1
89196ba90afffff,1
89196b3362fffff,1
89196ba9c83ffff,1
89196b148d7ffff,1
89196b05ccbffff,1
89196b05e27ffff,1
89196b36013ffff,1
89196ba9123ffff,1
89196b330b7ffff,1
89196b159b3ffff,1
89196baa453ffff,1
891fa492627ffff,1
89196ba9683ffff,1
89196b0581bffff,1
89196b04e13ffff,1
89196ba8abbffff,1
89196ba8997ffff,1
89196b3315bffff,1
89196b04a1bffff,1
89196ba962bffff,1
89196b04247ffff,1
891fa4935afffff,1
89196b06447ffff,1
89196baf64bffff,1
891fa4934cbffff,1
89196b3655bffff,1
89196b3284bffff,1
89196b30033ffff,1
89196ba8347ffff,1
89196b37487ffff,1
89196b05eb3ffff,1
891fa49245bffff,1
891fa4926abffff,1
89196ba138fffff,1
89196b3a44fffff,1
89196b05a2fffff,1
89196b1699bffff,1
89196b30153ffff,1
89196b05817ffff,1
89196ba822fffff,1
89196b0e987ffff,1
89196b3a447ffff,1
89196b064d3ffff,1
89196b0591bffff,1
89196b330b3ffff,1
89196b3280fffff,1
89196ba8e23ffff,1
89196ba92a3ffff,1
89196b360d3ffff,1
89196b04acbffff,1
89196b069cbffff,1
89196b36603ffff,1
89196b059b7ffff,1
89196b14bbbffff,1
89196bacecfffff,1
891fa493403ffff,1
89196b14853ffff,1
891fa493697ffff,1
89196ba9c87ffff,1
89196b05137ffff,1
89196b05127ffff,1
89196b060abffff,1
89196b05b7bffff,1
89196b3b4a3ffff,1
89196b365abffff,1
89196b30453ffff,1
89196ba8903ffff,1
89196b05bcbffff,1
89196b14a33ffff,1
89196b0421bffff,1
89196badbafffff,1
89196ba938fffff,1
89196ba8aa7ffff,1
89196b0e997ffff,1
89196ba893bffff,1
89196baf64fffff,1
89196ba8aabffff,1
89196b3360fffff,1
891fa4926b3ffff,1
89196baf60fffff,1
89196b0683bffff,1
89196ba4473ffff,1
89196ba918fffff,1
89196b04293ffff,1
89196b0602bffff,1
89196b3668fffff,1
89196baf21bffff,1
89196b14b7bffff,1
89196b065d3ffff,1
891fa492297ffff,1
89196b0631bffff,1
89196b3646fffff,1
89196ba8a97ffff,1
89196ba8d3bffff,1
89196b32917ffff,1
89196baa43bffff,1
89196ba9dafffff,1
89196ba8357ffff,1
89196b3a697ffff,1
89196ba8a13ffff,1
891fa493507ffff,1
89196ba8e73ffff,1
89196ba8e27ffff,1
89196b04a3bffff,1
89196b0614bffff,1
89196b05e07ffff,1
89196b36637ffff,1
89196b332d3ffff,1
89196ba899bffff,1
89196b159afffff,1
89196ba9dc3ffff,1
89196b05a47ffff,1
89196b04e8fffff,1
89196b04eb7ffff,1
89196b0587bffff,1
89196b06357ffff,1
89196b04d93ffff,1
89196b05e37ffff,1
89196baf637ffff,1
89196b058cfffff,1
89196b048cfffff,1
891fa493457ffff,1
89196b366a3ffff,1
89196b069abffff,1
89196b3345bffff,1
89196ba946fffff,1
89196ba9eb3ffff,1
89196b14a37ffff,1
89196b16b57ffff,1
89196ba96b3ffff,1
89196ba13cfffff,1
89196b14b03ffff,1
89196ba90d3ffff,1
89196b336abffff,1
89196b33187ffff,1
89196b300c3ffff,1
891fa49208fffff,1
89196ba1a47ffff,1
89196ba9e43ffff,1
89196b06953ffff,1
89196b069bbffff,1
89196b16b93ffff,1
89196baf26bffff,1
891fa493683ffff,1
89196b329a7ffff,1
89196b05943ffff,1
89196b06bafffff,1
89196b05bbbffff,1
89196b300a7ffff,1
89196b0640bffff,1
89196b33017ffff,1
89196b32913ffff,1
89196b30113ffff,1
89196b05a1bffff,1
89196b05913ffff,1
89196b061c7ffff,1
89196b05803ffff,1
89196b14b77ffff,1
89196b04a43ffff,1
89196b0594bffff,1
89196b30013ffff,1
89196ba9c17ffff,1
89196b04db7ffff,1
89196b32983ffff,1
89196b14b1bffff,1
89196b33687ffff,1
89196ba9d8bffff,1
89196b3a4d3ffff,1
89196b059c7ffff,1
89196baf28fffff,1
89196ba9047ffff,1
89196ba8d6fffff,1
89196b36517ffff,1
89196b32903ffff,1
89196b06907ffff,1
891fa49209bffff,1
89196b04eb3ffff,1
89196b3656fffff,1
89196b36633ffff,1
89196baf2a3ffff,1
89196ba9883ffff,1
89196b04043ffff,1
89196b365bbffff,1
89196b3057bffff,1
89196b05ec7ffff,1
89196b06ba3ffff,1
89196ba9297ffff,1
89196b05b23ffff,1
89196b16b1bffff,1
89196b06b67ffff,1
89196b05e13ffff,1
89196b32a7bffff,1
89196b05d0fffff,1
89196b3319bffff,1
89196b329a3ffff,1
89196ba8eabffff,1
89196ba88c3ffff,1
89196ba93d3ffff,1
89196b14a93ffff,1
89196b06073ffff,1
89196b3011bffff,1
89196b14963ffff,1
89196b04a9bffff,1
89196baf633ffff,1
89196b04c63ffff,1
89196b06373ffff,1
89196b3a443ffff,1
89196b1486fffff,1
89196b05a27ffff,1
89196b32aafffff,1
89196b05827ffff,1
89196ba9d53ffff,1
89196ba8c27ffff,1
89196ba928bffff,1
89196ba88dbffff,1
89196ba8acbffff,1
89196b14bd3ffff,1
89196b14ad3ffff,1
89196b06157ffff,1
89196b058c3ffff,1
891fa492633ffff,1
89196b3657bffff,1
89196b05a3bffff,1
89196b30567ffff,1
89196ba83afffff,1
89196ba9657ffff,1
89196badb03ffff,1
89196ba1a37ffff,1
89196b0634fffff,1
89196b05b57ffff,1
89196ba8e8fffff,1
89196b04ccfffff,1
89196b04d17ffff,1
89196ba8e57ffff,1
89196b04dcbffff,1
89196ba9d0fffff,1
89196b33697ffff,1
89196b32a63ffff,1
89196ba8c3bffff,1
89196ba9cc7ffff,1
89196b37597ffff,1
89196baf0cbffff,1
89196b05867ffff,1
89196b05963ffff,1
89196b1480fffff,1
89196b06cb3ffff,1
89196b1496fffff,1
89196b1686fffff,1
89196b33127ffff,1
89196ba92dbffff,1
89196b36543ffff,1
89196b05a87ffff,1
89196b14a67ffff,1
89196b336afffff,1
89196b05d17ffff,1
89196b14807ffff,1
89196b04e03ffff,1
89196b05d8fffff,1
89196b04a63ffff,1
89196ba8ecfffff,1
89196b32b97ffff,1
89196b04e33ffff,1
89196b32a23ffff,1
89196ba9c8fffff,1
89196baf677ffff,1
89196b059b3ffff,1
89196b1683bffff,1
89196b3018fffff,1
89196b06bbbffff,1
89196ba88c7ffff,1
89196b3b4c3ffff,1
89196ba8917ffff,1
89196badb0fffff,1
89196b05e7bffff,1
89196b065b7ffff,1
89196b064b3ffff,1
89196b334d7ffff,1
89196b3b6d3ffff,1
89196ba902fffff,1
89196b04a97ffff,1
89196b32823ffff,1
89196b3a457ffff,1
89196b3286fffff,1
89196bacd8fffff,1
89196b14b33ffff,1
89196b3a6a3ffff,1
89196ba8e53ffff,1
89196badb77ffff,1
89196b04cd3ffff,1
89196b06557ffff,1
89196badb43ffff,1
89196b3225bffff,1
89196ba8c7bffff,1
89196b051b3ffff,1
89196b0ed2fffff,1
89196b3b457ffff,1
89196ba96dbffff,1
89196b16867ffff,1
89196b05a13ffff,1
89196ba9d57ffff,1
89196b065d7ffff,1
89196ba9d5bffff,1
89196b33147ffff,1
89196b06bd7ffff,1
89196b300d7ffff,1
89196b06347ffff,1
89196b32907ffff,1
89196b05aa7ffff,1
89196b06b97ffff,1
89196b33563ffff,1
89196ba89bbffff,1
89196b05b73ffff,1
89196b05a77ffff,1
89196b0e9b7ffff,1
89196b334c7ffff,1
89196b05bc3ffff,1
89196b06d83ffff,1
89196ba9893ffff,1
89196b04c27ffff,1
89196b06413ffff,1
89196ba898bffff,1
89196ba8b97ffff,1
89196b0420bffff,1
89196b05833ffff,1
89196b065cfffff,1
89196b04883ffff,1
89196b06837ffff,1
89196b33437ffff,1
89196b04297ffff,1
89196b06303ffff,1
89196b360c3ffff,1
89196b3a6c7ffff,1
89196b04d87ffff,1
89196b1488bffff,1
89196b05a4bffff,1
89196b05b27ffff,1
89196b3368bffff,1
89196b048c3ffff,1
89196b06b37ffff,1
89196b30083ffff,1
89196ba4c13ffff,1
89196ba9693ffff,1
89196b14b3bffff,1
891fa4926bbffff,1
89196b36003ffff,1
89196bb413bffff,1
89196ba960fffff,1
89196b05d73ffff,1
89196b04aa3ffff,1
89196badb73ffff,1
89196ba96cbffff,1
89196b14a57ffff,1
89196b32a43ffff,1
89196bb9a4bffff,1
89196b14803ffff,1
89196b064a7ffff,1
89196ba9073ffff,1
89196ba96a7ffff,1
89196ba9ebbffff,1
89196baf24fffff,1
89196ba83a7ffff,1
89196ba89a7ffff,1
89196ba9dcbffff,1
89196b0656fffff,1
89196b06317ffff,1
89196b3356bffff,1
89196ba9cc3ffff,1
89196ba8a9bffff,1
89196b05b3bffff,1
891fa493523ffff,1
89196b32ac7ffff,1
89196ba8dabffff,1
89196ba9393ffff,1
89196b04c8fffff,1
89196b0e98fffff,1
89196b33613ffff,1
89196b0652bffff,1
89196ba8c0bffff,1
89196baf673ffff,1
89196b14a2fffff,1
89196ba1a23ffff,1
89196b05993ffff,1
89196b04dcfffff,1
89196b0401bffff,1
89196b04d43ffff,1
89196b04a6fffff,1
89196ba8ea7ffff,1
89196b04c6bffff,1
89196b3668bffff,1
89196b32a4bffff,1
89196b30563ffff,1
89196b32a5bffff,1
89196b06537ffff,1
89196bae303ffff,1
89196baacbbffff,1
89196ba8167ffff,1
89196b330cfffff,1
89196b059c3ffff,1
89196baf2cbffff,1
89196b04c4bffff,1
89196bb4bdbffff,1
891fa49240fffff,1
89196b04cd7ffff,1
89196b05eabffff,1
89196ba93c7ffff,1
891fa4926b7ffff,1
89196b33427ffff,1
89196ba90c3ffff,1
89196ba88cfffff,1
89196b05e97ffff,1
89196ba964fffff,1
89196b06383ffff,1
89196ba936bffff,1
89196b0488fffff,1
89196b04ebbffff,1
89196b05c4bffff,1
89196b300a3ffff,1
89196b06b7bffff,1
89196b04407ffff,1
89196b329d7ffff,1
89196b05bd3ffff,1
89196b05987ffff,1
89196b331cfffff,1
89196b04d3bffff,1
89196ba92b3ffff,1
89196ba022bffff,1
89196b0484fffff,1
89196ba9c8bffff,1
891fa493097ffff,1
891fa493503ffff,1
89196ba8e6bffff,1
89196bb4a43ffff,1
89196b06a2bffff,1
89196b1496bffff,1
89196ba9637ffff,1
89196baf627ffff,1
89196b04e97ffff,1
89196b329cfffff,1
89196b14b13ffff,1
89196ba8d37ffff,1
89196b334cfffff,1
89196b05a6fffff,1
